{"max_values": [[48.83449659804193, 47.327126693402796, 48.63096266074472, 48.84921665266851], [48.83449659804193, 48.34241738836681, 48.63096266074472, 48.84921665266851], [48.83449659804193, 48.34241738836681, 48.63096266074472, 48.84921665266851]], "average_max_values": [48.84921665266851, 48.84921665266851, 48.84921665266851], "mean_values": [[44.61393375213822, 45.35614254592606, 47.047526422218525, 46.99751305569368], [46.80626300777608, 47.04433332437496, 46.71906056953289, 45.7725142904776], [47.41353334095769, 47.005428495164686, 48.234991232965015, 47.03593231621964]], "average_mean_values": [46.00377894399412, 46.585542798040386, 47.42247134632676]}