{"max_values": [[49.09040679847291, 48.965887197804534, 48.965887197804534, 48.965887197804534], [49.09040679847291, 48.965887197804534, 48.965887197804534, 48.965887197804534], [49.09040679847291, 48.965887197804534, 48.965887197804534, 48.965887197804534]], "average_max_values": [49.09040679847291, 49.09040679847291, 49.09040679847291], "mean_values": [[48.023580500275656, 46.61254889828864, 48.786779192310554, 47.727718426967286], [47.56153712540165, 48.82195853914654, 48.965887197804534, 48.68224718403211], [49.01569503807188, 48.965887197804534, 48.965887197804534, 48.95147088408446]], "average_mean_values": [47.78765675446053, 48.507907511596215, 48.97473507944136]}