# Fitness, Player energy, Enemy energy, Time
63.680644,0.000000,74.000000,243.600000
95.620403,74.000000,0.000000,268.000000
63.544053,0.000000,44.000000,275.200000
63.525124,0.000000,60.000000,306.400000
90.648239,55.120000,0.000000,285.800000
65.210825,0.000000,96.000000,99.000000
65.216874,0.000000,80.000000,135.800000
90.579755,57.400000,0.000000,345.000000
74.753240,23.315000,44.250000,244.850000
